-- phpMyAdmin SQL Dump
-- version 4.4.15.8
-- https://www.phpmyadmin.net
--
-- Host: localhost
-- Generation Time: Nov 10, 2016 at 11:09 PM
-- Server version: 5.5.52-MariaDB
-- PHP Version: 5.4.16

SET SQL_MODE = "NO_AUTO_VALUE_ON_ZERO";
SET time_zone = "+00:00";


/*!40101 SET @OLD_CHARACTER_SET_CLIENT=@@CHARACTER_SET_CLIENT */;
/*!40101 SET @OLD_CHARACTER_SET_RESULTS=@@CHARACTER_SET_RESULTS */;
/*!40101 SET @OLD_COLLATION_CONNECTION=@@COLLATION_CONNECTION */;
/*!40101 SET NAMES utf8mb4 */;

--
-- Database: `p1505974`
--

-- --------------------------------------------------------

--
-- Table structure for table `Actor`
--

CREATE TABLE IF NOT EXISTS `Actor` (
  `ActorID` int(11) NOT NULL,
  `Nom` varchar(35) NOT NULL
) ENGINE=InnoDB DEFAULT CHARSET=latin1;

--
-- Dumping data for table `Actor`
--

INSERT INTO `Actor` (`ActorID`, `Nom`) VALUES
(12, 'Abdul Salaam El Razzac'),
(13, 'Abe Vigoda'),
(19, 'Adam Baldwin'),
(30, 'Adam Scott'),
(38, 'Adelle Lutz'),
(45, 'Adrienne Corri'),
(47, 'Afemo Omilami'),
(74, 'Al Martino'),
(75, 'Al Matthews'),
(77, 'Al Pacino'),
(106, 'Alan Polonsky'),
(121, 'Albert Hall'),
(134, 'Alec Guinness'),
(146, 'Alex Coleman'),
(156, 'Alex Norton'),
(157, 'Alex Rocco'),
(180, 'Alexis Arquette'),
(184, 'Alfonso Freeman'),
(185, 'Alfre Woodard'),
(189, 'Alfred Molina'),
(197, 'Alice Krige'),
(210, 'Alison Waddell'),
(220, 'Allan Kolman'),
(244, 'Alonzo Brown'),
(246, 'Alun Armstrong'),
(257, 'Amanda Plummer'),
(258, 'Amanda Walker'),
(261, 'Amber Waddell'),
(290, 'Andre B. Blake'),
(355, 'Angus MacInnes'),
(406, 'Anne Fletcher'),
(424, 'Annette Helde'),
(427, 'Annie Golden'),
(440, 'Anthony ''Chip'' Brienza'),
(445, 'Anthony Chinn'),
(446, 'Anthony Clark'),
(447, 'Anthony Crivello'),
(448, 'Anthony Daniels'),
(456, 'Anthony Guidera'),
(457, 'Anthony Heald'),
(458, 'Anthony Higgins'),
(459, 'Anthony Hopkins'),
(478, 'Anthony Sharp'),
(503, 'Ariana Richards'),
(515, 'Arnold Schwarzenegger'),
(545, 'Arthur Senzy'),
(555, 'Aubrey Morris'),
(565, 'Austin O''Brien'),
(576, 'B.D. Wong'),
(590, 'Barbara Coles'),
(612, 'Barry Dennen'),
(618, 'Barry McGovern'),
(643, 'Bee Duffell'),
(653, 'Ben Bode'),
(663, 'Ben Marley'),
(671, 'Benicio Del Toro'),
(687, 'Bernard  Fox (I)'),
(692, 'Bernard Hill'),
(694, 'Bernard Horsfall'),
(703, 'Bert  Williams (II)'),
(712, 'Betsy Brantley'),
(745, 'Bill  Raymond (I)'),
(750, 'Bill Bolender'),
(764, 'Bill Dalzell III'),
(769, 'Bill Graham'),
(794, 'Bill Paxton'),
(795, 'Bill Pullman'),
(797, 'Bill Reimbold'),
(800, 'Bill Smitrovich'),
(823, 'Billy Crystal'),
(826, 'Billy Dee Williams'),
(827, 'Billy Devlin'),
(838, 'Billy Zane'),
(844, 'Blain Fairman'),
(859, 'Bob  Collins (III)'),
(863, 'Bob  Peck (I)'),
(864, 'Bob Adrian'),
(877, 'Bob Gunton'),
(878, 'Bob Harks'),
(893, 'Bob Penny'),
(912, 'Bokeem Woodbine'),
(927, 'Brad Dourif'),
(931, 'Brad Pitt'),
(959, 'Brenda Hillhouse'),
(964, 'Brendan  Kelly (I)'),
(967, 'Brendan Gleeson'),
(970, 'Brent Hinkley'),
(972, 'Brent Spiner'),
(975, 'Brett Cullen'),
(976, 'Brett Rice'),
(977, 'Brian  Cox (III)'),
(984, 'Brian Brophy'),
(989, 'Brian Delate'),
(1000, 'Brian Libby'),
(1001, 'Brian Markinson'),
(1022, 'Brigitte Kahn'),
(1025, 'Brion James'),
(1033, 'Bronagh Gallagher'),
(1038, 'Brooke Smith'),
(1045, 'Bruce  Wright (I)'),
(1050, 'Bruce Boa'),
(1051, 'Bruce Bohne'),
(1060, 'Bruce Kirkpatrick'),
(1071, 'Bruce Willis'),
(1084, 'Buck Kartalian'),
(1098, 'Burnell Tucker'),
(1099, 'Burr Steers'),
(1110, 'Buzz Kilman'),
(1113, 'Byron Minns'),
(1120, 'C.J. Bau'),
(1136, 'Cameron Thor'),
(1139, 'Camilla Overbye Roos'),
(1155, 'Carl Bressler'),
(1159, 'Carl Duering'),
(1181, 'Carlos Lacamara'),
(1199, 'Carol Cleveland'),
(1202, 'Carol Kane'),
(1222, 'Carrie Fisher'),
(1224, 'Cary Elwes'),
(1231, 'Casey Siemaszko'),
(1236, 'Castulo Guerra'),
(1280, 'Charles A. Tamburro'),
(1323, 'Charles Napier'),
(1331, 'Charles Techman'),
(1345, 'Charlotte Chatton'),
(1357, 'Chazz Palminteri'),
(1394, 'Chris Ellis'),
(1400, 'Chris Isaak'),
(1406, 'Chris Penn'),
(1410, 'Chris Sarandon'),
(1413, 'Christian Clemenson'),
(1421, 'Christine Devine'),
(1423, 'Christine Estabrook'),
(1453, 'Christopher Guest'),
(1457, 'Christopher John Fields'),
(1462, 'Christopher Lloyd'),
(1464, 'Christopher Malcolm'),
(1467, 'Christopher Meloni'),
(1474, 'Christopher Plummer'),
(1479, 'Christopher Walken'),
(1486, 'Chuck Aber'),
(1505, 'Clair Forlani'),
(1515, 'Clancy Brown'),
(1531, 'Claude Rains'),
(1556, 'Clint Howard'),
(1559, 'Clive Merrison'),
(1560, 'Clive Revill'),
(1569, 'Colette Hiller'),
(1574, 'Colin Firth'),
(1580, 'Colleen Camp'),
(1586, 'Connie Booth'),
(1621, 'Courtney Gains'),
(1625, 'Craig  Kelly (II)'),
(1634, 'Crispin Glover'),
(1639, 'Cully Fredricksen'),
(1640, 'Curt Bois'),
(1682, 'Damien Leake'),
(1692, 'Dan Butler'),
(1695, 'Dan Hedaya'),
(1697, 'Dan Lauria'),
(1704, 'Dan Stanton'),
(1748, 'Daniel Zacapa'),
(1749, 'Daniel von Bargen'),
(1763, 'Danny Darst'),
(1764, 'Danny DeVito'),
(1776, 'Danny Nucci'),
(1782, 'Dant McCarthy'),
(1806, 'Daryl Hannah'),
(1822, 'David  Andrews (I)'),
(1824, 'David  Brisbin (I)'),
(1837, 'David  Morse (I)'),
(1838, 'David  Pressman (I)'),
(1841, 'David  Warner (I)'),
(1851, 'David Bowe'),
(1875, 'David Early'),
(1880, 'David Gant'),
(1889, 'David Harold Brown'),
(1932, 'David Proval'),
(1933, 'David Prowse'),
(1941, 'David S. Lomax'),
(1950, 'David Steen'),
(1976, 'DeVaughn Nixon'),
(1977, 'Dean Cundey'),
(1981, 'Dean Norris'),
(2034, 'Delos V. Smith Jr.'),
(2040, 'Denholm Elliott'),
(2044, 'Denis Lawson'),
(2052, 'Denney Pierce'),
(2071, 'Dennis Hopper'),
(2089, 'Derek Kim'),
(2090, 'Derek Webster'),
(2111, 'Diane Baker'),
(2116, 'Diane Keaton'),
(2121, 'Diane Rodriguez'),
(2132, 'Dick Cavett'),
(2146, 'Dick Stilwell'),
(2185, 'Dominique Jennings'),
(2189, 'Don  Henderson (II)'),
(2196, 'Don Blakely'),
(2197, 'Don Brockett'),
(2203, 'Don Fellows'),
(2204, 'Don Fischer'),
(2212, 'Don Lake'),
(2217, 'Don McManus'),
(2229, 'Don Stanton'),
(2230, 'Don Stark'),
(2233, 'Donal Gibson'),
(2241, 'Donald Fullilove'),
(2254, 'Donald Zinn'),
(2304, 'Douglas Rain'),
(2323, 'Duffy Gaver'),
(2340, 'Dwight Hicks'),
(2341, 'Dwight Marfield'),
(2358, 'Earl Boen'),
(2377, 'Ed Harris'),
(2411, 'Eddie Tagoe'),
(2432, 'Edward Bunker'),
(2433, 'Edward Furlong'),
(2441, 'Edward James Olmos'),
(2475, 'Eleanor Clift'),
(2536, 'Elsa Raven'),
(2538, 'Elston Ridgle'),
(2547, 'Emily Ann Lloyd'),
(2555, 'Endre Hules'),
(2557, 'Ennalls Berl'),
(2563, 'Eric Braeden'),
(2567, 'Eric Clark'),
(2570, 'Eric Idle'),
(2581, 'Eric Stoltz'),
(2588, 'Erik Holland'),
(2645, 'Ewan McGregor'),
(2646, 'Ewan Stewart'),
(2647, 'Ewen Bremner'),
(2679, 'Finlay Welsh'),
(2705, 'Frances  Fisher (I)'),
(2710, 'Frances McDormand'),
(2718, 'Franco Citti'),
(2726, 'Frank  Marshall (I)'),
(2727, 'Frank  Miller (I)'),
(2740, 'Frank Cavestani'),
(2751, 'Frank Gorshin'),
(2759, 'Frank Medrano'),
(2761, 'Frank Novak'),
(2764, 'Frank Oz'),
(2769, 'Frank Seals Jr.'),
(2778, 'Frank Whaley'),
(2780, 'Frankie Faison'),
(2816, 'Frederic Forrest'),
(2817, 'Frederic W. Barnes'),
(2820, 'Frederick Strother'),
(2842, 'G.D. Spradlin'),
(2845, 'Gabriel Byrne'),
(2848, 'Gabriel Jarret'),
(2864, 'Garrick Hagon'),
(2899, 'Gary Houston'),
(2903, 'Gary Lee Davis'),
(2911, 'Gary Riley'),
(2913, 'Gary Sinise'),
(2917, 'Gates McFadden'),
(2930, 'Gene Borkan'),
(2954, 'Geoffrey Blake'),
(2969, 'George  Harris (II)'),
(2970, 'George  Kelly (II)'),
(2974, 'George ''Buck'' Flower'),
(2979, 'George C. Scott'),
(2985, 'George Christy'),
(2990, 'George DiCenzo'),
(3046, 'Gerald R. Molen'),
(3052, 'Gerard G. Williams'),
(3054, 'Gerard McSorley'),
(3067, 'Giancarlo Esposito'),
(3069, 'Gianni Russo'),
(3100, 'Glenn Beck'),
(3118, 'Gloria Stuart'),
(3121, 'Godfrey Quigley'),
(3123, 'Googy Gress'),
(3125, 'Gordon Greene'),
(3144, 'Graham Chapman'),
(3156, 'Granville ''Danny'' Young'),
(3161, 'Greg Collins'),
(3192, 'Gregory Sporleder'),
(3216, 'Gwenda Deacon'),
(3218, 'Gwyneth Paltrow'),
(3227, 'Hal Galili'),
(3270, 'Harris Savides'),
(3272, 'Harrison Ford'),
(3284, 'Harry Connick Jr.'),
(3285, 'Harry Dean Stanton'),
(3294, 'Harry Northup'),
(3297, 'Harry Waters Jr.'),
(3301, 'Harve Presnell'),
(3304, 'Harvey Fierstein'),
(3308, 'Harvey Keitel'),
(3317, 'Hawthorne James'),
(3333, 'Heidi Schanz'),
(3340, 'Helen Horton'),
(3426, 'Howard Platt'),
(3443, 'Hugh Ross'),
(3448, 'Humphrey Bogart'),
(3455, 'Ian Bannen'),
(3462, 'Ian Holm'),
(3463, 'Ian Liston'),
(3489, 'Ingo Neuhaus'),
(3490, 'Ingrid Bergman'),
(3506, 'Irma St. Paule'),
(3519, 'Ishaq Bux'),
(3526, 'Ivy Bethune'),
(3528, 'Jrgen Prochnow'),
(3547, 'J.J. Cohen'),
(3561, 'Jack  Ford (III)'),
(3563, 'Jack  McKenzie (I)'),
(3564, 'Jack  Moore (IV)'),
(3580, 'Jack Conley'),
(3581, 'Jack Creley'),
(3603, 'Jack Nicholson'),
(3609, 'Jack Purvis'),
(3611, 'Jack Shearer'),
(3613, 'Jack Thibeau'),
(3668, 'James  Keane (I)'),
(3676, 'James B. Howard'),
(3682, 'James Caan'),
(3687, 'James Caviezel'),
(3691, 'James Cosmo'),
(3695, 'James Cromwell'),
(3698, 'James Deeth'),
(3703, 'James Duval'),
(3704, 'James Earl Jones'),
(3722, 'James Hong'),
(3727, 'James Kisicki'),
(3731, 'James Lancaster'),
(3754, 'James Rebhorn'),
(3757, 'James Ritz'),
(3767, 'James Tolkan'),
(3772, 'James Whitmore'),
(3777, 'Jamie Abbott'),
(3791, 'Jana Marie Hupp'),
(3804, 'Jane Jenkins'),
(3832, 'Jason Barry'),
(3836, 'Jason Hervey'),
(3841, 'Jason Marin'),
(3854, 'Jay Acovone'),
(3896, 'Jean Speegle Howard'),
(3915, 'Jeannie Linero'),
(3932, 'Jeff Goldblum'),
(3941, 'Jeff O''Haco'),
(3952, 'Jeffrey DeMunn'),
(3968, 'Jenette Goldstein'),
(4006, 'Jeremy Sinden'),
(4020, 'Jerry Dunphy'),
(4027, 'Jerry Harte'),
(4038, 'Jerry Ziesmer'),
(4097, 'Jim Meskimen'),
(4101, 'Jim Palmer'),
(4102, 'Jim Piddock'),
(4103, 'Jim Roche'),
(4117, 'Jimmy Keogh'),
(4143, 'Joanna Cassidy'),
(4164, 'Jodie Foster'),
(4168, 'Joe Alaskey'),
(4184, 'Joe Fowler'),
(4201, 'Joe Morton'),
(4213, 'Joe Savino'),
(4216, 'Joe Spano'),
(4221, 'Joe Turkel'),
(4239, 'Joey Perillo'),
(4265, 'John  Hollis (I)'),
(4278, 'John  McLaughlin (I)'),
(4281, 'John  Morton (I)'),
(4297, 'John  Young (I)'),
(4320, 'John Bennett Perry'),
(4331, 'John C. McGinley'),
(4335, 'John Capodice'),
(4337, 'John Carroll Lynch'),
(4340, 'John Cassini'),
(4341, 'John Cazale'),
(4345, 'John Cleese'),
(4346, 'John Clive'),
(4370, 'John Dullaghan'),
(4373, 'John Enos'),
(4407, 'John Horton'),
(4411, 'John Hurt'),
(4418, 'John Kavanagh'),
(4422, 'John Laughlin'),
(4424, 'John Lees'),
(4435, 'John M. Mathews'),
(4441, 'John Marley'),
(4461, 'John Murtagh'),
(4462, 'John Nathan'),
(4482, 'John Qualen'),
(4483, 'John R. Woodward'),
(4486, 'John Ratzenberger'),
(4487, 'John Rhys-Davies'),
(4497, 'John Savident'),
(4508, 'John Short'),
(4510, 'John Spencer'),
(4516, 'John Storey'),
(4520, 'John Travolta'),
(4526, 'John Voldstad'),
(4527, 'John Walcutt'),
(4562, 'Jon Matthews'),
(4567, 'Jon Seda'),
(4578, 'Jonathan Frakes'),
(4580, 'Jonathan Hyde'),
(4593, 'Jonny Lee Miller'),
(4594, 'Jophery C. Brown'),
(4612, 'Josef Pilato'),
(4630, 'Joseph Mazzello'),
(4631, 'Joseph McKenna'),
(4633, 'Joseph Patrick Kelly'),
(4636, 'Joseph Ragno'),
(4662, 'Josip Elic'),
(4672, 'Juan A. Riojas'),
(4677, 'Judd Hirsch'),
(4680, 'Jude Ciccolella'),
(4708, 'Julia Sweeney'),
(4714, 'Julian Glover'),
(4720, 'Julian Wadham'),
(4725, 'Julie Araskog'),
(4733, 'Julie Donatt'),
(4734, 'Julie H. Morgan'),
(4748, 'Juliette Binoche'),
(4782, 'Karen Allen'),
(4789, 'Karen Maruyama'),
(4803, 'Karl Warren'),
(4808, 'Kasi Lemmons'),
(4819, 'Kate Winslet'),
(4831, 'Kathleen Quinlan'),
(4840, 'Kathryn Mullen'),
(4845, 'Kathy Bates'),
(4846, 'Kathy Griffin'),
(4857, 'Keenan Wynn'),
(4859, 'Keir Dullea'),
(4860, 'Keith  Allen (I)'),
(4904, 'Ken Daly'),
(4906, 'Ken Gibbel'),
(4913, 'Ken Kells'),
(4919, 'Ken Magee'),
(4936, 'Kenneth Colley'),
(4948, 'Kenneth Utt'),
(4950, 'Kenny  Baker (I)'),
(4965, 'Kerry Rossall'),
(4968, 'Kevin  Allen (I)'),
(4973, 'Kevin  Thompson (III)'),
(4975, 'Kevin Bacon'),
(4980, 'Kevin Cooney'),
(4993, 'Kevin Mangan'),
(5000, 'Kevin Pollak'),
(5003, 'Kevin Sifuentes'),
(5004, 'Kevin Spacey'),
(5005, 'Kevin Thigpen'),
(5040, 'Kimberly Beck'),
(5046, 'Kiran Shah'),
(5048, 'Kirk Baltz'),
(5052, 'Kirk Ward'),
(5067, 'Kristin Scott Thomas'),
(5102, 'Lamont Arnold'),
(5109, 'Lance Henriksen'),
(5126, 'Larry Brandenburg'),
(5154, 'Laura Dern'),
(5161, 'Laura Lovelace'),
(5169, 'Lauren Roselli'),
(5173, 'Laurence Fishburne'),
(5181, 'Lawrence Bender'),
(5185, 'Lawrence T. Wrentz'),
(5186, 'Lawrence Tierney'),
(5190, 'LeVar Burton'),
(5191, 'Lea Thompson'),
(5200, 'Lee Golden'),
(5203, 'Lee McCain'),
(5208, 'Lee Ross'),
(5220, 'Leib Lensky'),
(5227, 'Leland Orser'),
(5233, 'Lennie Loftin'),
(5235, 'Lenny Montana'),
(5259, 'Leonard Rossiter'),
(5266, 'Leonardo DiCaprio'),
(5267, 'Leonid Kinskey'),
(5284, 'Leslie Schofield'),
(5285, 'Levani'),
(5296, 'Lexie Bigham'),
(5299, 'Liam Carney'),
(5305, 'Liisa Repo-Martell'),
(5323, 'Linda Hamilton'),
(5328, 'Linda Kaye'),
(5329, 'Linda Kerns'),
(5348, 'Lisa Freeman'),
(5350, 'Lisa Gay Hamilton'),
(5351, 'Lisa Jakub'),
(5361, 'Lisa Talerico'),
(5375, 'Lloyd L. Tolbert'),
(5395, 'Loren Dean'),
(5441, 'Louis Lombardi'),
(5445, 'Louisa  Marie (I)'),
(5446, 'Louisa Moritz'),
(5447, 'Louise Fletcher'),
(5488, 'Lyman Ward'),
(5501, 'M. Emmet Walsh'),
(5511, 'Madeleine Lebeau'),
(5512, 'Madeleine Stowe'),
(5514, 'Madge Ryan'),
(5525, 'Mae Whitman'),
(5535, 'Maia Brewton'),
(5537, 'Majel Barrett'),
(5540, 'Mal Whyte'),
(5544, 'Malcolm McDowell'),
(5547, 'Malcolm Storry'),
(5548, 'Malcolm Tierney'),
(5551, 'Mandy Patinkin'),
(5570, 'Marc Coppola'),
(5575, 'Marc McClure'),
(5610, 'Margaret Colin'),
(5618, 'Margaret Tyzack'),
(5624, 'Margery Mason'),
(5639, 'Maria de Medeiros'),
(5658, 'Marina Sirtis'),
(5684, 'Mark  Thompson (II)'),
(5691, 'Mark Boone Jr.'),
(5695, 'Mark Christopher Lawrence'),
(5703, 'Mark Hamill'),
(5717, 'Mark Matheisen'),
(5723, 'Mark Rolston'),
(5731, 'Mark Wheeler'),
(5734, 'Marla Sucharetza'),
(5739, 'Marlon Brando'),
(5746, 'Marshall R. Teague'),
(5758, 'Martin Ferrero'),
(5762, 'Martin Jarvis'),
(5766, 'Martin Murphy'),
(5769, 'Martin Serene'),
(5770, 'Martin Sheen'),
(5804, 'Mary Kate Schellhardt'),
(5811, 'Mary McDonnell'),
(5823, 'Marya Small'),
(5847, 'Matt Ross'),
(5864, 'Matthew Scurfield'),
(5892, 'Max Elliott Slade'),
(5894, 'Max Grodnchik'),
(5905, 'Meadow Williams'),
(5921, 'Mel Gibson'),
(5923, 'Mel Smith'),
(5960, 'Michael  Bates (I)'),
(5997, 'Michael Berryman'),
(5998, 'Michael Biehn'),
(6005, 'Michael Burgess'),
(6006, 'Michael Byrne'),
(6023, 'Michael Culver'),
(6031, 'Michael Dorn'),
(6037, 'Michael Ensign'),
(6054, 'Michael Gover'),
(6065, 'Michael J. Fox'),
(6068, 'Michael Jace'),
(6084, 'Michael Madsen'),
(6087, 'Michael Massee'),
(6100, 'Michael Palin'),
(6108, 'Michael Reid MacKay'),
(6123, 'Michael Sheard'),
(6127, 'Michael Sottile'),
(6140, 'Michael Winther'),
(6179, 'Miguel  Sandoval (I)'),
(6201, 'Mike Jolly'),
(6208, 'Mike Muscat'),
(6216, 'Miko Hughes'),
(6254, 'Mirron E. Willis'),
(6287, 'Morgan Freeman'),
(6289, 'Morgan Paull'),
(6291, 'Morgana King'),
(6297, 'Morton Kondracke'),
(6310, 'Mykelti Williamson'),
(6349, 'Nathan George'),
(6357, 'Neal McDonough'),
(6360, 'Ned Bellamy'),
(6364, 'Ned Vaughn'),
(6371, 'Neil Giuntoli'),
(6373, 'Neil Innes'),
(6376, 'Neil Summers'),
(6381, 'Nelson Mashita'),
(6390, 'Niall O''Brien'),
(6394, 'Nicholas Cascone'),
(6437, 'Nicolas Cage'),
(6453, 'Nikki Cox'),
(6467, 'Noel Evangelisti'),
(6482, 'Norman Alden'),
(6488, 'Norman Chancer'),
(6501, 'Norwich Duff'),
(6508, 'Obba Babatund'),
(6520, 'Oliver Maguire'),
(6593, 'Pat McNamara'),
(6598, 'Pat Roach'),
(6627, 'Patrick  Magee (I)'),
(6645, 'Patrick McGoohan'),
(6654, 'Patrick Stewart'),
(6665, 'Patti Yasutake'),
(6668, 'Patty Raya'),
(6670, 'Paul  Freeman (I)'),
(6674, 'Paul  Maxwell (I)'),
(6690, 'Paul Bartel'),
(6702, 'Paul Calderon'),
(6721, 'Paul Henreid'),
(6736, 'Paul Lazar'),
(6737, 'Paul LeClair'),
(6741, 'Paul Mantee'),
(6745, 'Paul McCrane'),
(6754, 'Paul Raczkowski'),
(6755, 'Paul Reiser'),
(6809, 'Pete Postlethwaite'),
(6816, 'Peter  Greene (I)'),
(6821, 'Peter  Mayhew (II)'),
(6834, 'Peter Brocco'),
(6837, 'Peter Bull'),
(6845, 'Peter Cook'),
(6848, 'Peter Crombie'),
(6850, 'Peter Cushing'),
(6851, 'Peter Dobson'),
(6861, 'Peter Falk'),
(6873, 'Peter Kent'),
(6879, 'Peter Lorre'),
(6891, 'Peter Mullan'),
(6902, 'Peter Schrum'),
(6904, 'Peter Sellers'),
(6906, 'Peter Stormare'),
(6924, 'Phil Kelly'),
(6938, 'Philip  Roth (II)'),
(6939, 'Philip  Stone (I)'),
(7006, 'Quentin Tarantino'),
(7010, 'R. Lee Ermey'),
(7022, 'Rachel Schadt'),
(7043, 'Ralph Fiennes'),
(7051, 'Ralph Peduto'),
(7060, 'Rance Howard'),
(7076, 'Randy Oglesby'),
(7079, 'Randy Quaid'),
(7081, 'Raphael Sbarge'),
(7095, 'Ray Hassett'),
(7100, 'Ray McKinnon'),
(7112, 'Raymond Coulthard'),
(7117, 'Raymond O''Connor'),
(7122, 'Read Morgan'),
(7130, 'Rebecca Jane Klingler'),
(7141, 'Reg E. Cathey'),
(7180, 'Ricco Ross'),
(7183, 'Rich Turner'),
(7203, 'Richard Attenborough'),
(7219, 'Richard Bright'),
(7251, 'Richard Graham'),
(7265, 'Richard Kiley'),
(7268, 'Richard L. Duran'),
(7270, 'Richard Le Parmentier'),
(7271, 'Richard Leaf'),
(7283, 'Richard Oldfield'),
(7285, 'Richard Portnow'),
(7291, 'Richard Roundtree'),
(7294, 'Richard Schiff'),
(7297, 'Richard Speight Jr.'),
(7336, 'Rick Warner'),
(7380, 'Robert  Beatty (I)'),
(7382, 'Robert  Carlyle (I)'),
(7394, 'Robert  Patrick (I)'),
(7432, 'Robert Duvall'),
(7444, 'Robert Haley'),
(7453, 'Robert J. Stephenson'),
(7462, 'Robert Krantz'),
(7472, 'Robert Loggia'),
(7492, 'Robert Picardo'),
(7502, 'Robert Ruth'),
(7522, 'Robert Winley'),
(7547, 'Robin Wright'),
(7556, 'Rocky Taylor'),
(7577, 'Roger Corman'),
(7592, 'Rohn Thomas'),
(7600, 'Ron  Rondell (II)'),
(7603, 'Ron  Young (I)'),
(7612, 'Ron Donachie'),
(7624, 'Ron Pitts'),
(7633, 'Ron Vawter'),
(7640, 'Ronald Lacey'),
(7653, 'Rosalind Ayres'),
(7657, 'Rosanna Arquette'),
(7676, 'Ross Bagley'),
(7697, 'Rozwill Young'),
(7705, 'Rudy Bond'),
(7717, 'Rupert Vansittart'),
(7735, 'Rutger Hauer'),
(7746, 'Ryan Holihan'),
(7753, 'S. Epatha Merkerson'),
(7756, 'Sachi Parker'),
(7765, 'Sally Field'),
(7767, 'Sally Kinghorne'),
(7770, 'Sally Wingert'),
(7775, 'Sam  Anderson (I)'),
(7777, 'Sam Bottoms'),
(7788, 'Sam Neill'),
(7800, 'Sam Whipple'),
(7810, 'Samuel L. Jackson'),
(7856, 'Sayed Badreya'),
(7857, 'Scatman Crothers'),
(7874, 'Scott Glenn'),
(7892, 'Sean  Sullivan (I)'),
(7896, 'Sean Connery'),
(7903, 'Sean McGinley'),
(7913, 'Sean Young'),
(7930, 'Shane Rimmer'),
(7933, 'Shannon Wilcox'),
(7937, 'Sharon Anderson'),
(7959, 'Shay Duffin'),
(7966, 'Sheila Raynor'),
(7968, 'Shelagh Fraser'),
(7975, 'Shelley Long'),
(7994, 'Shirley Henderson'),
(8011, 'Sigourney Weaver'),
(8015, 'Simon  Jones (I)'),
(8026, 'Simonetta Stefanelli'),
(8028, 'Siobhan Fallon'),
(8036, 'Slim Pickens'),
(8103, 'Stephen Baldwin'),
(8105, 'Stephen Bridgewater'),
(8131, 'Stephen Wesley Bridgewater'),
(8133, 'Sterling Hayden'),
(8139, 'Steve  Park (I)'),
(8148, 'Steve Buscemi'),
(8154, 'Steve Giannelli'),
(8173, 'Steve Rankin'),
(8175, 'Steve Reevis'),
(8186, 'Steven  Wright (I)'),
(8188, 'Steven Berkoff'),
(8229, 'Stuart Rudin'),
(8273, 'Susan Vidler'),
(8288, 'Suzy Amis'),
(8295, 'Sydney Greenstreet'),
(8296, 'Sydney Lassick'),
(8319, 'Talia Shire'),
(8322, 'Tam White'),
(8348, 'Ted Grossman'),
(8351, 'Ted Levine'),
(8353, 'Ted Markland'),
(8366, 'Tere Livrano'),
(8382, 'Terrence Evans'),
(8388, 'Terry Forrestal'),
(8390, 'Terry Gilliam'),
(8391, 'Terry Jones'),
(8397, 'Terry Richards'),
(8414, 'Thom Barry'),
(8418, 'Thomas  Crawford (I)'),
(8426, 'Thomas F. Duffy'),
(8427, 'Thomas F. Wilson'),
(8435, 'Thomas J. Hageboeck'),
(8472, 'Tim Kelleher'),
(8481, 'Tim Robbins'),
(8483, 'Tim Roth'),
(8530, 'Todd Hallowell'),
(8532, 'Todd Louiso'),
(8538, 'Tom  Mason (I)'),
(8548, 'Tom  Wood (II)'),
(8562, 'Tom Hanks'),
(8597, 'Tom Skerritt'),
(8601, 'Tom Towles'),
(8612, 'Tommy Flanagan'),
(8616, 'Tommy Lafitte'),
(8621, 'Tommy Thomas'),
(8656, 'Tony Giorgio'),
(8680, 'Tony Simotes'),
(8683, 'Tony Todd'),
(8684, 'Tony Vogel'),
(8691, 'Tracey Walter'),
(8697, 'Tracy Reed'),
(8698, 'Tracy Reiner'),
(8720, 'Tudor Sherrard'),
(8725, 'Tutte Lemkow'),
(8735, 'Uma Thurman'),
(8757, 'Van Ling'),
(8761, 'Vanessa J. Wells'),
(8767, 'Venessia Valentino'),
(8777, 'Veronica Cartwright'),
(8781, 'Vic Tablian'),
(8792, 'Victor Garber'),
(8832, 'Vincent Schiavelli'),
(8838, 'Ving Rhames'),
(8850, 'Vito D''Ambrosio'),
(8851, 'Vito Scotti'),
(8857, 'Vivica A. Fox'),
(8875, 'Wallace Shawn'),
(8899, 'Walter von Huene'),
(8908, 'Warren Clarke'),
(8911, 'Warren Keith'),
(8920, 'Wayne A. Evenson'),
(8924, 'Wayne Duvall'),
(8928, 'Wayne Knight'),
(8935, 'Wendie Jo Sperber'),
(8946, 'Wendy L. Walsh'),
(8961, 'Whitby Hertford'),
(8971, 'Will Hare'),
(8978, 'Will Sampson'),
(8979, 'Will Smith'),
(8983, 'Willem Dafoe'),
(9005, 'William Duell'),
(9009, 'William Forsythe'),
(9014, 'William H. Macy'),
(9017, 'William Hootkins'),
(9018, 'William Hope'),
(9029, 'William Masson'),
(9040, 'William Redfield'),
(9043, 'William Sadler'),
(9044, 'William Sanderson'),
(9060, 'Willie Garson'),
(9062, 'Willoughby Gray'),
(9069, 'Wolf Kahler'),
(9081, 'Xander Berkeley'),
(9087, 'Yaphet Kotto');

-- --------------------------------------------------------

--
-- Table structure for table `Casting`
--

CREATE TABLE IF NOT EXISTS `Casting` (
  `MovieID` int(11) NOT NULL,
  `ActorID` int(11) NOT NULL,
  `Ordinal` int(11) NOT NULL
) ENGINE=InnoDB DEFAULT CHARSET=latin1;

--
-- Dumping data for table `Casting`
--

INSERT INTO `Casting` (`MovieID`, `ActorID`, `Ordinal`) VALUES
(1, 134, 5),
(1, 355, 19),
(1, 448, 6),
(1, 1222, 3),
(1, 1933, 9),
(1, 2044, 16),
(1, 2189, 22),
(1, 2864, 17),
(1, 3272, 2),
(1, 3609, 12),
(1, 4006, 20),
(1, 4950, 7),
(1, 5284, 24),
(1, 5703, 1),
(1, 6821, 8),
(1, 6850, 4),
(1, 7270, 23),
(1, 7968, 11),
(1, 9017, 18),
(2, 180, 43),
(2, 257, 2),
(2, 959, 26),
(2, 1033, 12),
(2, 1071, 9),
(2, 1099, 8),
(2, 1479, 27),
(2, 2196, 33),
(2, 2567, 20),
(2, 2581, 14),
(2, 2778, 7),
(2, 3308, 45),
(2, 4520, 4),
(2, 4612, 21),
(2, 4708, 46),
(2, 4789, 36),
(2, 4846, 37),
(2, 5161, 3),
(2, 5181, 47),
(2, 5328, 39),
(2, 5639, 35),
(2, 6702, 11),
(2, 6816, 41),
(2, 7006, 44),
(2, 7183, 31),
(2, 7502, 30),
(2, 7657, 13),
(2, 7810, 5),
(2, 8148, 23),
(2, 8483, 1),
(2, 8735, 15),
(2, 8767, 38),
(2, 8838, 10),
(3, 1025, 8),
(3, 1806, 6),
(3, 2441, 4),
(3, 3272, 1),
(3, 3722, 11),
(3, 4143, 10),
(3, 4221, 9),
(3, 4973, 13),
(3, 5501, 5),
(3, 6289, 12),
(3, 7735, 2),
(3, 7913, 3),
(3, 9044, 7),
(4, 210, 53),
(4, 261, 54),
(4, 406, 96),
(4, 612, 80),
(4, 687, 27),
(4, 692, 6),
(4, 794, 10),
(4, 838, 3),
(4, 1139, 31),
(4, 1345, 26),
(4, 1625, 45),
(4, 1776, 8),
(4, 1841, 9),
(4, 2536, 49),
(4, 2563, 25),
(4, 2588, 75),
(4, 2646, 18),
(4, 2705, 5),
(4, 3118, 11),
(4, 3731, 48),
(4, 3832, 17),
(4, 3968, 30),
(4, 4527, 56),
(4, 4580, 7),
(4, 4819, 2),
(4, 4845, 4),
(4, 5266, 1),
(4, 5329, 32),
(4, 5762, 34),
(4, 6037, 28),
(4, 6394, 15),
(4, 7130, 82),
(4, 7251, 22),
(4, 7556, 39),
(4, 7612, 24),
(4, 7653, 35),
(4, 7959, 90),
(4, 8288, 13),
(4, 8388, 57),
(4, 8757, 87),
(4, 8792, 12),
(5, 156, 27),
(5, 246, 24),
(5, 618, 22),
(5, 694, 46),
(5, 967, 6),
(5, 977, 19),
(5, 1880, 56),
(5, 2233, 36),
(5, 3054, 45),
(5, 3455, 8),
(5, 3691, 12),
(5, 4117, 54),
(5, 4213, 55),
(5, 4418, 23),
(5, 4461, 41),
(5, 5299, 50),
(5, 5540, 57),
(5, 5548, 31),
(5, 5766, 44),
(5, 5921, 1),
(5, 6006, 30),
(5, 6390, 49),
(5, 6645, 3),
(5, 6891, 43),
(5, 6924, 52),
(5, 7271, 47),
(5, 7717, 29),
(5, 7903, 13),
(5, 8322, 35),
(5, 8612, 25),
(5, 9029, 33),
(6, 134, 10),
(6, 448, 5),
(6, 826, 4),
(6, 1022, 37),
(6, 1050, 25),
(6, 1098, 38),
(6, 1222, 3),
(6, 1464, 26),
(6, 1560, 15),
(6, 1933, 6),
(6, 2044, 27),
(6, 2764, 9),
(6, 3272, 2),
(6, 3463, 30),
(6, 3563, 32),
(6, 3609, 12),
(6, 4027, 33),
(6, 4265, 11),
(6, 4281, 29),
(6, 4486, 31),
(6, 4714, 17),
(6, 4840, 14),
(6, 4936, 16),
(6, 4950, 8),
(6, 5703, 1),
(6, 6023, 19),
(6, 6123, 18),
(6, 6488, 34),
(6, 6501, 35),
(6, 6520, 23),
(6, 6821, 7),
(6, 7095, 36),
(6, 7283, 28),
(7, 184, 21),
(7, 750, 43),
(7, 877, 3),
(7, 984, 53),
(7, 989, 34),
(7, 1000, 12),
(7, 1515, 5),
(7, 1932, 13),
(7, 2217, 35),
(7, 2254, 36),
(7, 2759, 24),
(7, 2903, 29),
(7, 3125, 20),
(7, 3727, 49),
(7, 3772, 8),
(7, 3952, 9),
(7, 4407, 19),
(7, 4483, 45),
(7, 4636, 14),
(7, 4680, 15),
(7, 4919, 41),
(7, 5126, 10),
(7, 5723, 7),
(7, 6287, 2),
(7, 6360, 31),
(7, 6371, 11),
(7, 6376, 30),
(7, 6745, 16),
(7, 7444, 38),
(7, 7592, 50),
(7, 8481, 1),
(7, 9043, 4),
(8, 19, 11),
(8, 447, 65),
(8, 795, 2),
(8, 800, 18),
(8, 972, 12),
(8, 1181, 35),
(8, 1421, 79),
(8, 1697, 32),
(8, 1838, 28),
(8, 2089, 73),
(8, 2090, 54),
(8, 2475, 95),
(8, 2538, 60),
(8, 2761, 23),
(8, 2817, 94),
(8, 3161, 53),
(8, 3284, 20),
(8, 3304, 10),
(8, 3564, 62),
(8, 3703, 13),
(8, 3754, 9),
(8, 3791, 43),
(8, 3854, 40),
(8, 3932, 3),
(8, 4020, 96),
(8, 4102, 93),
(8, 4184, 68),
(8, 4278, 99),
(8, 4320, 36),
(8, 4335, 52),
(8, 4516, 22),
(8, 4562, 92),
(8, 4677, 5),
(8, 4980, 82),
(8, 5003, 59),
(8, 5040, 89),
(8, 5227, 25),
(8, 5285, 57),
(8, 5351, 15),
(8, 5488, 64),
(8, 5525, 17),
(8, 5610, 8),
(8, 5684, 80),
(8, 5811, 4),
(8, 6140, 47),
(8, 6254, 26),
(8, 6297, 98),
(8, 6381, 84),
(8, 6737, 49),
(8, 7060, 83),
(8, 7076, 61),
(8, 7079, 7),
(8, 7081, 30),
(8, 7297, 66),
(8, 7472, 6),
(8, 7624, 77),
(8, 7676, 16),
(8, 7856, 86),
(8, 8154, 33),
(8, 8414, 42),
(8, 8426, 90),
(8, 8472, 38),
(8, 8761, 74),
(8, 8857, 14),
(8, 8946, 78),
(8, 8979, 1),
(9, 671, 3),
(9, 703, 32),
(9, 1155, 12),
(9, 1236, 30),
(9, 1357, 6),
(9, 1423, 15),
(9, 1695, 10),
(9, 2759, 21),
(9, 2845, 2),
(9, 3067, 9),
(9, 3611, 14),
(9, 4904, 18),
(9, 5000, 4),
(9, 5004, 5),
(9, 5441, 20),
(9, 6690, 11),
(9, 6809, 7),
(9, 8103, 1),
(9, 8288, 8),
(9, 8850, 23),
(10, 189, 7),
(10, 445, 19),
(10, 458, 9),
(10, 797, 13),
(10, 2040, 6),
(10, 2203, 11),
(10, 2411, 31),
(10, 2726, 28),
(10, 2969, 30),
(10, 3272, 1),
(10, 3519, 23),
(10, 4487, 5),
(10, 4782, 2),
(10, 5046, 24),
(10, 5864, 16),
(10, 6598, 20),
(10, 6670, 3),
(10, 7640, 4),
(10, 8348, 34),
(10, 8397, 26),
(10, 8684, 33),
(10, 8725, 22),
(10, 8781, 10),
(10, 9017, 12),
(10, 9069, 8),
(11, 2304, 9),
(11, 2727, 10),
(11, 4859, 1),
(11, 5259, 5),
(11, 5618, 6),
(11, 7380, 7),
(11, 7892, 8),
(12, 47, 53),
(12, 878, 45),
(12, 893, 10),
(12, 976, 33),
(12, 1113, 71),
(12, 1782, 55),
(12, 1824, 37),
(12, 2132, 89),
(12, 2146, 80),
(12, 2204, 46),
(12, 2913, 3),
(12, 2954, 83),
(12, 2970, 9),
(12, 4168, 95),
(12, 4526, 59),
(12, 4993, 26),
(12, 5052, 38),
(12, 5717, 42),
(12, 5734, 92),
(12, 6005, 65),
(12, 6068, 82),
(12, 6201, 57),
(12, 6310, 4),
(12, 6754, 87),
(12, 6851, 16),
(12, 7547, 2),
(12, 7765, 5),
(12, 7775, 12),
(12, 8028, 17),
(12, 8131, 72),
(12, 8562, 1),
(13, 75, 9),
(13, 106, 19),
(13, 590, 22),
(13, 794, 6),
(13, 844, 21),
(13, 1569, 12),
(13, 3968, 8),
(13, 4424, 24),
(13, 5046, 26),
(13, 5109, 5),
(13, 5723, 10),
(13, 5998, 3),
(13, 6674, 17),
(13, 6755, 4),
(13, 7180, 11),
(13, 8011, 1),
(13, 9018, 7),
(14, 38, 28),
(14, 146, 42),
(14, 290, 44),
(14, 457, 6),
(14, 459, 11),
(14, 764, 45),
(14, 970, 40),
(14, 1038, 17),
(14, 1110, 50),
(14, 1323, 34),
(14, 1400, 46),
(14, 1486, 21),
(14, 1692, 26),
(14, 1749, 47),
(14, 1763, 38),
(14, 1875, 43),
(14, 2111, 31),
(14, 2197, 8),
(14, 2769, 9),
(14, 2780, 7),
(14, 2930, 22),
(14, 3294, 51),
(14, 3676, 19),
(14, 4103, 16),
(14, 4164, 1),
(14, 4808, 3),
(14, 4948, 25),
(14, 5102, 53),
(14, 5169, 52),
(14, 5185, 4),
(14, 5220, 14),
(14, 6508, 29),
(14, 6593, 23),
(14, 6736, 27),
(14, 7577, 32),
(14, 7633, 33),
(14, 7874, 5),
(14, 8229, 10),
(14, 8351, 18),
(14, 8616, 48),
(14, 8691, 24),
(15, 712, 17),
(15, 823, 13),
(15, 1202, 12),
(15, 1224, 1),
(15, 1410, 3),
(15, 1453, 4),
(15, 5547, 15),
(15, 5551, 2),
(15, 5624, 16),
(15, 5923, 11),
(15, 6845, 10),
(15, 6861, 9),
(15, 7547, 8),
(15, 8875, 5),
(15, 9062, 14),
(16, 12, 39),
(16, 515, 1),
(16, 1236, 8),
(16, 1280, 42),
(16, 1704, 28),
(16, 1976, 33),
(16, 1981, 41),
(16, 2052, 45),
(16, 2121, 37),
(16, 2212, 21),
(16, 2229, 27),
(16, 2358, 5),
(16, 2433, 3),
(16, 2557, 20),
(16, 3052, 25),
(16, 3216, 26),
(16, 3968, 10),
(16, 4101, 24),
(16, 4201, 6),
(16, 4906, 13),
(16, 5323, 2),
(16, 5695, 46),
(16, 6208, 40),
(16, 6453, 31),
(16, 6467, 30),
(16, 6873, 49),
(16, 6902, 15),
(16, 7394, 4),
(16, 7522, 14),
(16, 7603, 36),
(16, 7753, 7),
(16, 8382, 44),
(16, 8680, 34),
(16, 8757, 48),
(16, 9081, 11),
(17, 1531, 4),
(17, 1640, 14),
(17, 3448, 1),
(17, 3490, 2),
(17, 4482, 12),
(17, 5267, 13),
(17, 5511, 9),
(17, 6721, 3),
(17, 6879, 7),
(17, 8295, 6),
(18, 643, 10),
(18, 1199, 8),
(18, 1586, 7),
(18, 2570, 3),
(18, 3144, 1),
(18, 4297, 11),
(18, 4345, 2),
(18, 6100, 6),
(18, 6373, 9),
(18, 7767, 14),
(18, 8390, 4),
(18, 8391, 5),
(19, 30, 16),
(19, 185, 8),
(19, 197, 10),
(19, 424, 24),
(19, 972, 3),
(19, 1120, 26),
(19, 1639, 31),
(19, 2204, 33),
(19, 2230, 30),
(19, 2917, 6),
(19, 3611, 17),
(19, 3695, 9),
(19, 4578, 2),
(19, 4734, 28),
(19, 5190, 4),
(19, 5537, 25),
(19, 5658, 7),
(19, 6031, 5),
(19, 6357, 12),
(19, 6654, 1),
(19, 6665, 20),
(19, 7492, 14),
(19, 7600, 29),
(20, 1051, 22),
(20, 1941, 31),
(20, 2710, 20),
(20, 2899, 7),
(20, 3301, 5),
(20, 4337, 21),
(20, 5126, 16),
(20, 6906, 3),
(20, 7770, 8),
(20, 7937, 15),
(20, 8139, 24),
(20, 8148, 2),
(20, 8175, 12),
(20, 8911, 13),
(20, 8920, 25),
(20, 9014, 1),
(21, 427, 58),
(21, 440, 23),
(21, 745, 10),
(21, 864, 7),
(21, 931, 18),
(21, 1060, 15),
(21, 1071, 2),
(21, 1331, 32),
(21, 1467, 49),
(21, 1474, 45),
(21, 1837, 31),
(21, 2751, 22),
(21, 2820, 20),
(21, 3506, 12),
(21, 4239, 14),
(21, 4567, 3),
(21, 4631, 54),
(21, 4803, 48),
(21, 5005, 52),
(21, 5200, 53),
(21, 5350, 40),
(21, 5361, 59),
(21, 5512, 13),
(21, 5847, 42),
(21, 7336, 21),
(21, 7697, 17),
(21, 8015, 8),
(21, 8105, 60),
(22, 2645, 1),
(22, 2647, 2),
(22, 2679, 25),
(22, 3443, 22),
(22, 3691, 8),
(22, 4593, 3),
(22, 4860, 16),
(22, 4968, 17),
(22, 6891, 7),
(22, 7382, 5),
(22, 7994, 12),
(22, 8273, 10),
(23, 13, 11),
(23, 74, 16),
(23, 77, 2),
(23, 157, 22),
(23, 2116, 10),
(23, 2718, 33),
(23, 3069, 13),
(23, 3682, 3),
(23, 3915, 27),
(23, 4341, 14),
(23, 4441, 7),
(23, 5235, 18),
(23, 5739, 1),
(23, 6291, 17),
(23, 7219, 21),
(23, 7432, 5),
(23, 7705, 15),
(23, 8026, 30),
(23, 8133, 6),
(23, 8319, 12),
(23, 8366, 25),
(23, 8656, 23),
(23, 8851, 24),
(24, 184, 25),
(24, 220, 20),
(24, 859, 15),
(24, 931, 4),
(24, 1280, 55),
(24, 1748, 3),
(24, 2185, 19),
(24, 2323, 57),
(24, 2555, 12),
(24, 2930, 22),
(24, 2985, 11),
(24, 3218, 5),
(24, 3270, 47),
(24, 3317, 13),
(24, 3333, 49),
(24, 3698, 53),
(24, 4331, 26),
(24, 4340, 6),
(24, 4725, 23),
(24, 5004, 30),
(24, 5227, 43),
(24, 5233, 35),
(24, 5296, 44),
(24, 5691, 33),
(24, 5769, 38),
(24, 6087, 39),
(24, 6108, 29),
(24, 6287, 1),
(24, 6848, 8),
(24, 7010, 10),
(24, 7022, 48),
(24, 7141, 9),
(24, 7285, 31),
(24, 7291, 17),
(24, 7294, 52),
(24, 7453, 28),
(24, 7933, 51),
(24, 8720, 32),
(25, 838, 14),
(25, 1231, 13),
(25, 1462, 2),
(25, 1621, 26),
(25, 1634, 4),
(25, 1889, 40),
(25, 2241, 16),
(25, 2536, 19),
(25, 2911, 35),
(25, 2974, 37),
(25, 2990, 9),
(25, 3156, 39),
(25, 3297, 15),
(25, 3526, 21),
(25, 3547, 12),
(25, 3767, 11),
(25, 3777, 30),
(25, 3836, 24),
(25, 3841, 22),
(25, 3941, 28),
(25, 5191, 3),
(25, 5203, 10),
(25, 5348, 17),
(25, 5375, 41),
(25, 5535, 25),
(25, 5575, 7),
(25, 6065, 1),
(25, 6482, 31),
(25, 7122, 32),
(25, 7268, 27),
(25, 7462, 34),
(25, 7756, 33),
(25, 8427, 5),
(25, 8621, 38),
(25, 8935, 8),
(25, 8971, 20),
(26, 446, 46),
(26, 456, 59),
(26, 827, 31),
(26, 912, 12),
(26, 964, 15),
(26, 1084, 64),
(26, 1505, 18),
(26, 1776, 17),
(26, 1837, 5),
(26, 1851, 21),
(26, 2323, 25),
(26, 2340, 44),
(26, 2377, 3),
(26, 3161, 14),
(26, 3192, 10),
(26, 3426, 38),
(26, 3489, 35),
(26, 3561, 42),
(26, 3687, 60),
(26, 4331, 9),
(26, 4373, 61),
(26, 4422, 36),
(26, 4462, 40),
(26, 4510, 4),
(26, 4633, 34),
(26, 4672, 33),
(26, 4913, 62),
(26, 5746, 24),
(26, 5998, 7),
(26, 6437, 2),
(26, 7051, 45),
(26, 7117, 51),
(26, 7800, 54),
(26, 7896, 1),
(26, 8435, 43),
(26, 8532, 20),
(26, 8601, 55),
(26, 8683, 11),
(26, 9009, 6),
(26, 9060, 39),
(27, 1099, 23),
(27, 1406, 4),
(27, 1950, 12),
(27, 2432, 9),
(27, 3308, 1),
(27, 5048, 8),
(27, 5181, 17),
(27, 5186, 6),
(27, 5328, 18),
(27, 6084, 3),
(27, 6127, 15),
(27, 7006, 10),
(27, 7183, 11),
(27, 7502, 16),
(27, 8148, 5),
(27, 8186, 20),
(27, 8483, 2),
(28, 121, 5),
(28, 769, 31),
(28, 1580, 19),
(28, 1682, 24),
(28, 2071, 8),
(28, 2816, 4),
(28, 2842, 9),
(28, 3272, 10),
(28, 3613, 21),
(28, 3668, 14),
(28, 4038, 11),
(28, 4965, 15),
(28, 5173, 7),
(28, 5570, 28),
(28, 5739, 1),
(28, 5770, 3),
(28, 7432, 2),
(28, 7777, 6),
(28, 7874, 12),
(28, 8538, 17),
(29, 3285, 4),
(29, 3340, 9),
(29, 3462, 6),
(29, 4411, 5),
(29, 8011, 2),
(29, 8597, 1),
(29, 8777, 3),
(29, 9087, 7),
(30, 545, 55),
(30, 565, 52),
(30, 653, 36),
(30, 663, 13),
(30, 794, 3),
(30, 975, 10),
(30, 1001, 50),
(30, 1045, 71),
(30, 1394, 23),
(30, 1413, 9),
(30, 1457, 39),
(30, 1556, 12),
(30, 1822, 7),
(30, 2377, 5),
(30, 2547, 18),
(30, 2555, 45),
(30, 2740, 83),
(30, 2848, 38),
(30, 2913, 4),
(30, 2954, 31),
(30, 3123, 25),
(30, 3580, 69),
(30, 3757, 41),
(30, 3804, 59),
(30, 3896, 21),
(30, 4097, 33),
(30, 4216, 16),
(30, 4370, 78),
(30, 4435, 84),
(30, 4508, 35),
(30, 4733, 81),
(30, 4831, 6),
(30, 4975, 2),
(30, 5395, 11),
(30, 5445, 53),
(30, 5575, 14),
(30, 5731, 43),
(30, 5804, 17),
(30, 5892, 20),
(30, 5894, 28),
(30, 5905, 48),
(30, 6216, 19),
(30, 6364, 29),
(30, 6668, 68),
(30, 6741, 80),
(30, 7060, 58),
(30, 7100, 27),
(30, 7577, 64),
(30, 7746, 57),
(30, 8173, 51),
(30, 8414, 54),
(30, 8418, 82),
(30, 8530, 60),
(30, 8532, 37),
(30, 8548, 24),
(30, 8562, 1),
(30, 8698, 15),
(30, 8899, 49),
(30, 8924, 32),
(30, 9081, 8),
(31, 45, 6),
(31, 478, 18),
(31, 555, 13),
(31, 1159, 7),
(31, 1933, 25),
(31, 3121, 14),
(31, 4346, 5),
(31, 4497, 17),
(31, 5514, 16),
(31, 5544, 1),
(31, 5618, 21),
(31, 5960, 3),
(31, 6054, 10),
(31, 6627, 2),
(31, 6939, 19),
(31, 7966, 15),
(31, 8188, 22),
(31, 8908, 4),
(32, 503, 9),
(32, 576, 7),
(32, 863, 5),
(32, 1136, 14),
(32, 1457, 15),
(32, 1977, 17),
(32, 3046, 12),
(32, 3932, 3),
(32, 4594, 18),
(32, 4630, 8),
(32, 5154, 2),
(32, 5758, 6),
(32, 6179, 13),
(32, 7203, 4),
(32, 7265, 22),
(32, 7788, 1),
(32, 7810, 10),
(32, 8928, 11),
(32, 8961, 16),
(33, 258, 39),
(33, 1559, 10),
(33, 1574, 6),
(33, 3528, 8),
(33, 4720, 7),
(33, 4748, 2),
(33, 5067, 4),
(33, 5208, 19),
(33, 5305, 16),
(33, 7043, 1),
(33, 7112, 17),
(33, 8983, 3),
(34, 244, 4),
(34, 927, 30),
(34, 1462, 17),
(34, 1764, 7),
(34, 2034, 28),
(34, 2341, 18),
(34, 3603, 21),
(34, 4662, 9),
(34, 5446, 20),
(34, 5447, 11),
(34, 5823, 27),
(34, 5997, 1),
(34, 6349, 12),
(34, 6834, 2),
(34, 6938, 23),
(34, 7857, 5),
(34, 8296, 15),
(34, 8353, 19),
(34, 8832, 26),
(34, 8978, 24),
(34, 9005, 8),
(34, 9040, 22),
(35, 2979, 2),
(35, 3100, 12),
(35, 3227, 15),
(35, 3581, 9),
(35, 3704, 7),
(35, 4857, 4),
(35, 6837, 6),
(35, 6904, 1),
(35, 7930, 14),
(35, 8036, 5),
(35, 8133, 3),
(35, 8697, 8),
(39, 515, 1),
(39, 8036, 7),
(48, 515, 1),
(94, 515, 1),
(180, 515, 1),
(263, 515, 1),
(321, 515, 1),
(334, 515, 1),
(410, 515, 38),
(440, 515, 1),
(471, 515, 1),
(629, 515, 1),
(746, 515, 1),
(793, 7975, 2),
(910, 7975, 1),
(910, 8036, 7),
(932, 515, 1),
(960, 515, 1),
(975, 7975, 3),
(1106, 515, 1),
(1339, 515, 1),
(1353, 7975, 2),
(1551, 515, 1),
(1622, 515, 1),
(1644, 515, 2);

-- --------------------------------------------------------

--
-- Table structure for table `Movie`
--

CREATE TABLE IF NOT EXISTS `Movie` (
  `MovieID` int(11) NOT NULL,
  `Titre` varchar(70) NOT NULL,
  `Année` int(4) NOT NULL,
  `Score` float NOT NULL,
  `Votes` int(11) NOT NULL
) ENGINE=InnoDB DEFAULT CHARSET=latin1;

--
-- Dumping data for table `Movie`
--

INSERT INTO `Movie` (`MovieID`, `Titre`, `Année`, `Score`, `Votes`) VALUES
(1, 'Star Wars', 1977, 8.9, 14182),
(2, 'Pulp Fiction', 1994, 8.4, 11694),
(3, 'Blade Runner', 1982, 8.6, 8666),
(4, 'Titanic', 1997, 9.2, 8129),
(5, 'Braveheart', 1995, 8.4, 8074),
(6, 'Empire Strikes Back, The', 1980, 8.5, 8050),
(7, 'Shawshank Redemption, The', 1994, 8.8, 7850),
(8, 'Independence Day', 1996, 7, 7138),
(9, 'Usual Suspects, The', 1995, 8.7, 6981),
(10, 'Raiders of the Lost Ark', 1981, 8.4, 6488),
(11, '2001: A Space Odyssey', 1968, 8.4, 6413),
(12, 'Forrest Gump', 1994, 7.8, 6270),
(13, 'Aliens', 1986, 8.3, 5811),
(14, 'Silence of the Lambs, The', 1991, 8.3, 5715),
(15, 'Princess Bride, The', 1987, 8.4, 5522),
(16, 'Terminator 2: Judgment Day', 1991, 8, 5513),
(17, 'Casablanca', 1942, 8.7, 5489),
(18, 'Monty Python and the Holy Grail', 1974, 8.4, 5319),
(19, 'Star Trek: First Contact', 1996, 8.2, 5298),
(20, 'Fargo', 1996, 8.2, 5293),
(21, 'Twelve Monkeys', 1995, 8, 5287),
(22, 'Trainspotting', 1996, 8.1, 5233),
(23, 'Godfather, The', 1972, 8.7, 5211),
(24, 'Se7en', 1995, 8.1, 5107),
(25, 'Back to the Future', 1985, 7.8, 5103),
(26, 'Rock, The', 1996, 8, 4938),
(27, 'Reservoir Dogs', 1992, 8.3, 4861),
(28, 'Apocalypse Now', 1979, 8.3, 4862),
(29, 'Alien', 1979, 8.2, 4828),
(30, 'Apollo 13', 1995, 7.8, 4778),
(31, 'Clockwork Orange, A', 1971, 8.4, 4768),
(32, 'Jurassic Park', 1993, 7.4, 4707),
(33, 'English Patient, The', 1996, 8.1, 4689),
(34, 'One Flew Over the Cuckoo''s Nest', 1975, 8.5, 4545),
(35, 'Dr. Strangelove or: How I Learned to Stop Worrying and Love the Bomb', 1963, 8.6, 4451),
(39, 'Terminator, The', 1984, 7.8, 4226),
(48, 'True Lies', 1994, 7.3, 3601),
(94, 'Total Recall', 1990, 7.1, 2305),
(180, 'Predator', 1987, 7.2, 1604),
(263, 'Conan the Barbarian', 1981, 6.9, 1271),
(321, 'Twins', 1988, 6.3, 1126),
(334, 'Last Action Hero', 1993, 5.9, 1107),
(410, 'Dave', 1993, 7.4, 962),
(440, 'Kindergarten Cop', 1990, 6.2, 894),
(471, 'Running Man, The', 1987, 6.3, 856),
(629, 'Commando', 1985, 6.1, 673),
(746, 'Conan the Destroyer', 1984, 5.4, 542),
(793, 'Money Pit, The', 1986, 5.8, 482),
(910, 'Brady Bunch Movie, The', 1995, 6.3, 412),
(932, 'Red Heat', 1988, 5.8, 402),
(960, 'Terminator 2: 3-D', 1996, 8.7, 384),
(975, 'Night Shift', 1982, 6.6, 377),
(1106, 'Junior', 1994, 5.9, 329),
(1339, 'Jingle All the Way', 1996, 6, 262),
(1353, 'Outrageous Fortune', 1987, 6.1, 259),
(1551, 'Raw Deal', 1986, 5, 216),
(1622, 'Batman and Robin', 1997, 3.9, 1925),
(1644, 'Red Sonja', 1985, 4.6, 405);

-- --------------------------------------------------------

--
-- Table structure for table `Utilisateur`
--

CREATE TABLE IF NOT EXISTS `Utilisateur` (
  `UserID` int(11) NOT NULL,
  `Login` varchar(20) NOT NULL,
  `Pass` varchar(255) NOT NULL,
  `Nom` varchar(255) NOT NULL,
  `Mail` varchar(35) NOT NULL,
  `Admin` int(11) NOT NULL DEFAULT '0'
) ENGINE=InnoDB DEFAULT CHARSET=latin1;

--
-- Dumping data for table `Utilisateur`
--

INSERT INTO `Utilisateur` (`UserID`, `Login`, `Pass`, `Nom`, `Mail`, `Admin`) VALUES
(1, 'iut', 'iut2016', 'IUT Info', 'iut@univ-lyon1.fr', 1),
(2, 'jeremy', 'jeremy', 'Jeremy', '', 0),
(3, 'simon', 'simon', 'Simon', '', 1),
(5, 'thomas', 'ardeche', 'Thomas', 'thomas@ardèche.fr', 0);

-- --------------------------------------------------------

--
-- Table structure for table `Vote`
--

CREATE TABLE IF NOT EXISTS `Vote` (
  `MovieID` int(11) NOT NULL,
  `UserID` int(11) NOT NULL
) ENGINE=InnoDB DEFAULT CHARSET=latin1;

--
-- Dumping data for table `Vote`
--

INSERT INTO `Vote` (`MovieID`, `UserID`) VALUES
(1, 3),
(2, 2),
(11, 1),
(11, 2),
(4, 1),
(1, 1),
(15, 1),
(94, 3),
(30, 3),
(5, 1),
(2, 1),
(2, 1),
(2, 1),
(2, 1),
(2, 3),
(2, 3),
(2, 3),
(2, 3),
(2, 3),
(2, 3),
(2, 3),
(29, 3),
(960, 3),
(25, 3),
(746, 3),
(31, 3),
(1644, 3),
(39, 3),
(3, 3),
(12, 3),
(1551, 3),
(1353, 3),
(28, 1),
(28, 2);

--
-- Indexes for dumped tables
--

--
-- Indexes for table `Actor`
--
ALTER TABLE `Actor`
  ADD PRIMARY KEY (`ActorID`);

--
-- Indexes for table `Casting`
--
ALTER TABLE `Casting`
  ADD PRIMARY KEY (`MovieID`,`ActorID`),
  ADD KEY `ActorID` (`ActorID`);





--
-- Indexes for table `Movie`
--
ALTER TABLE `Movie`
  ADD PRIMARY KEY (`MovieID`);



--
-- Indexes for table `Utilisateur`
--
ALTER TABLE `Utilisateur`
  ADD PRIMARY KEY (`UserID`),
  ADD UNIQUE KEY `Login` (`Login`);

--
-- Indexes for table `Vote`
--
ALTER TABLE `Vote`
  ADD KEY `vote_fk_movieid` (`MovieID`),
  ADD KEY `vote_fk_util` (`UserID`);



--
-- Constraints for table `Casting`
--
ALTER TABLE `Casting`
  ADD CONSTRAINT `Casting_ibfk_1` FOREIGN KEY (`MovieID`) REFERENCES `Movie` (`MovieID`),
  ADD CONSTRAINT `Casting_ibfk_2` FOREIGN KEY (`ActorID`) REFERENCES `Actor` (`ActorID`);



--
-- Constraints for table `Vote`
--
ALTER TABLE `Vote`
  ADD CONSTRAINT `vote_fk_movieid` FOREIGN KEY (`MovieID`) REFERENCES `Movie` (`MovieID`),
  ADD CONSTRAINT `vote_fk_util` FOREIGN KEY (`UserID`) REFERENCES `Utilisateur` (`UserID`);

/*!40101 SET CHARACTER_SET_CLIENT=@OLD_CHARACTER_SET_CLIENT */;
/*!40101 SET CHARACTER_SET_RESULTS=@OLD_CHARACTER_SET_RESULTS */;
/*!40101 SET COLLATION_CONNECTION=@OLD_COLLATION_CONNECTION */;
